Name,Created at,Financial Status,Fulfillment Status,Total,Discount Amount,Lineitem quantity,Referring Site
#1001,2026-09-28T09:00:00.000Z,paid,fulfilled,58.00,0.00,1,direct
#1002,2026-09-28T10:00:00.000Z,paid,fulfilled,58.00,0.00,1,facebook.com
#1003,2026-09-28T11:00:00.000Z,paid,fulfilled,58.00,0.00,1,google.com
#1004,2026-09-28T12:00:00.000Z,paid,fulfilled,84.00,0.00,1,facebook.com
#1005,2026-09-28T13:00:00.000Z,paid,fulfilled,58.00,0.00,1,direct
#1006,2026-09-28T14:00:00.000Z,paid,fulfilled,58.00,0.00,1,facebook.com
#1007,2026-09-28T15:00:00.000Z,paid,fulfilled,58.00,0.00,1,direct
#1008,2026-09-28T16:00:00.000Z,paid,fulfilled,84.00,0.00,1,facebook.com
#1009,2026-09-28T17:00:00.000Z,paid,fulfilled,58.00,0.00,1,google.com
#1010,2026-09-28T18:00:00.000Z,paid,fulfilled,58.00,0.00,1,facebook.com
#1011,2026-09-28T19:00:00.000Z,paid,fulfilled,58.00,0.00,1,direct
#1012,2026-09-28T20:00:00.000Z,paid,fulfilled,84.00,0.00,1,facebook.com
#1013,2026-09-28T21:00:00.000Z,paid,fulfilled,58.00,0.00,1,direct
#1014,2026-09-28T22:00:00.000Z,paid,fulfilled,58.00,0.00,1,facebook.com
#1015,2026-09-28T23:00:00.000Z,paid,fulfilled,58.00,0.00,1,google.com
#1016,2026-09-29T00:00:00.000Z,paid,fulfilled,84.00,0.00,1,facebook.com
#1017,2026-09-29T01:00:00.000Z,paid,fulfilled,58.00,0.00,1,direct
#1018,2026-09-29T02:00:00.000Z,paid,fulfilled,58.00,0.00,1,facebook.com
#1019,2026-09-29T03:00:00.000Z,paid,fulfilled,58.00,0.00,1,direct
#1020,2026-09-29T04:00:00.000Z,paid,fulfilled,84.00,0.00,1,facebook.com
#1021,2026-09-29T05:00:00.000Z,paid,fulfilled,58.00,0.00,1,google.com
#1022,2026-09-29T06:00:00.000Z,paid,fulfilled,58.00,0.00,1,facebook.com
#1023,2026-09-29T07:00:00.000Z,paid,fulfilled,58.00,0.00,1,direct
#1024,2026-09-29T08:00:00.000Z,paid,fulfilled,84.00,0.00,1,facebook.com
#1025,2026-09-29T09:00:00.000Z,paid,fulfilled,58.00,0.00,1,direct
#1026,2026-09-29T10:00:00.000Z,paid,fulfilled,58.00,0.00,1,facebook.com
#1027,2026-09-29T11:00:00.000Z,paid,fulfilled,58.00,0.00,1,google.com
#1028,2026-09-29T12:00:00.000Z,paid,fulfilled,84.00,0.00,1,facebook.com
#1029,2026-09-29T13:00:00.000Z,paid,fulfilled,58.00,0.00,1,direct
#1030,2026-09-29T14:00:00.000Z,paid,fulfilled,58.00,0.00,1,facebook.com
#1031,2026-09-29T15:00:00.000Z,paid,fulfilled,58.00,0.00,1,direct
#1032,2026-09-29T16:00:00.000Z,paid,fulfilled,84.00,0.00,1,facebook.com
#1033,2026-09-29T17:00:00.000Z,paid,fulfilled,58.00,0.00,1,google.com
#1034,2026-09-29T18:00:00.000Z,paid,fulfilled,58.00,0.00,1,facebook.com
#1035,2026-09-29T19:00:00.000Z,paid,fulfilled,58.00,0.00,1,direct
#1036,2026-09-29T20:00:00.000Z,paid,fulfilled,84.00,0.00,1,facebook.com
#1037,2026-09-29T21:00:00.000Z,paid,fulfilled,58.00,0.00,1,direct
#1038,2026-09-29T22:00:00.000Z,paid,fulfilled,58.00,0.00,1,facebook.com
#1039,2026-09-29T23:00:00.000Z,paid,fulfilled,58.00,0.00,1,google.com
#1040,2026-09-30T00:00:00.000Z,paid,fulfilled,84.00,0.00,1,facebook.com
#1041,2026-09-30T01:00:00.000Z,paid,fulfilled,58.00,0.00,1,direct
#1042,2026-09-30T02:00:00.000Z,paid,fulfilled,58.00,0.00,1,facebook.com
#1043,2026-09-30T03:00:00.000Z,paid,fulfilled,58.00,0.00,1,direct
#1044,2026-09-30T04:00:00.000Z,paid,fulfilled,84.00,0.00,1,facebook.com
#1045,2026-09-30T05:00:00.000Z,paid,fulfilled,58.00,0.00,1,google.com
#1046,2026-09-30T06:00:00.000Z,paid,fulfilled,58.00,0.00,1,facebook.com
#1047,2026-09-30T07:00:00.000Z,paid,fulfilled,58.00,0.00,1,direct
#1048,2026-09-30T08:00:00.000Z,paid,fulfilled,84.00,0.00,1,facebook.com
#1049,2026-09-30T09:00:00.000Z,paid,fulfilled,58.00,0.00,1,direct
#1050,2026-09-30T10:00:00.000Z,paid,fulfilled,58.00,0.00,1,facebook.com
#1051,2026-09-30T11:00:00.000Z,paid,fulfilled,58.00,0.00,1,google.com
#1052,2026-09-30T12:00:00.000Z,paid,fulfilled,84.00,0.00,1,facebook.com
#1053,2026-09-30T13:00:00.000Z,paid,fulfilled,58.00,0.00,1,direct
#1054,2026-09-30T14:00:00.000Z,paid,fulfilled,58.00,0.00,1,facebook.com
#1055,2026-09-30T15:00:00.000Z,paid,fulfilled,58.00,0.00,1,direct
#1056,2026-09-30T16:00:00.000Z,paid,fulfilled,84.00,0.00,1,facebook.com
#1057,2026-09-30T17:00:00.000Z,paid,fulfilled,58.00,0.00,1,google.com
#1058,2026-09-30T18:00:00.000Z,paid,fulfilled,58.00,0.00,1,facebook.com
#1059,2026-09-30T19:00:00.000Z,paid,fulfilled,58.00,0.00,1,direct
#1060,2026-09-30T20:00:00.000Z,paid,fulfilled,84.00,0.00,1,facebook.com
#1061,2026-09-30T21:00:00.000Z,paid,fulfilled,58.00,0.00,1,direct
#1062,2026-09-30T22:00:00.000Z,paid,fulfilled,58.00,0.00,1,facebook.com
#1063,2026-09-30T23:00:00.000Z,paid,fulfilled,58.00,0.00,1,google.com
#1064,2026-10-01T00:00:00.000Z,paid,fulfilled,84.00,0.00,1,facebook.com
#1065,2026-10-01T01:00:00.000Z,paid,fulfilled,58.00,0.00,1,direct
#1066,2026-10-01T02:00:00.000Z,paid,fulfilled,58.00,0.00,1,facebook.com
#1067,2026-10-01T03:00:00.000Z,paid,fulfilled,58.00,0.00,1,direct
#1068,2026-10-01T04:00:00.000Z,paid,fulfilled,84.00,0.00,1,facebook.com
#1069,2026-10-01T05:00:00.000Z,paid,fulfilled,58.00,0.00,1,google.com
#1070,2026-10-01T06:00:00.000Z,paid,fulfilled,58.00,0.00,1,facebook.com
#1071,2026-10-01T07:00:00.000Z,paid,fulfilled,58.00,0.00,1,direct
#1072,2026-10-01T08:00:00.000Z,paid,fulfilled,84.00,0.00,1,facebook.com
#1073,2026-10-01T09:00:00.000Z,paid,fulfilled,58.00,0.00,1,direct
#1074,2026-10-01T10:00:00.000Z,paid,fulfilled,58.00,0.00,1,facebook.com
#1075,2026-10-01T11:00:00.000Z,paid,fulfilled,58.00,0.00,1,google.com
#1076,2026-10-01T12:00:00.000Z,paid,fulfilled,84.00,0.00,1,facebook.com
#1077,2026-10-01T13:00:00.000Z,paid,fulfilled,58.00,0.00,1,direct
#1078,2026-10-01T14:00:00.000Z,paid,fulfilled,58.00,0.00,1,facebook.com
#1079,2026-10-01T15:00:00.000Z,paid,fulfilled,58.00,0.00,1,direct
#1080,2026-10-01T16:00:00.000Z,paid,fulfilled,84.00,0.00,1,facebook.com
#1081,2026-10-01T17:00:00.000Z,paid,fulfilled,58.00,0.00,1,google.com
#1082,2026-10-01T18:00:00.000Z,paid,fulfilled,58.00,0.00,1,facebook.com
#1083,2026-10-01T19:00:00.000Z,paid,fulfilled,58.00,0.00,1,direct
#1084,2026-10-01T20:00:00.000Z,paid,fulfilled,84.00,0.00,1,facebook.com
#1085,2026-10-01T21:00:00.000Z,paid,fulfilled,58.00,0.00,1,direct
#1086,2026-10-01T22:00:00.000Z,paid,fulfilled,58.00,0.00,1,facebook.com
#1087,2026-10-01T23:00:00.000Z,paid,fulfilled,58.00,0.00,1,google.com
#1088,2026-10-02T00:00:00.000Z,paid,fulfilled,84.00,0.00,1,facebook.com
#1089,2026-10-02T01:00:00.000Z,paid,fulfilled,58.00,0.00,1,direct
#1090,2026-10-02T02:00:00.000Z,paid,fulfilled,58.00,0.00,1,facebook.com
#1091,2026-10-02T03:00:00.000Z,paid,fulfilled,58.00,0.00,1,direct
#1092,2026-10-02T04:00:00.000Z,paid,fulfilled,84.00,0.00,1,facebook.com
#1093,2026-10-02T05:00:00.000Z,paid,fulfilled,58.00,0.00,1,google.com
#1094,2026-10-02T06:00:00.000Z,paid,fulfilled,58.00,0.00,1,facebook.com
#1095,2026-10-02T07:00:00.000Z,paid,fulfilled,58.00,0.00,1,direct
#1096,2026-10-02T08:00:00.000Z,paid,fulfilled,84.00,0.00,1,facebook.com
#1097,2026-10-02T09:00:00.000Z,paid,fulfilled,58.00,0.00,1,direct
#1098,2026-10-02T10:00:00.000Z,paid,fulfilled,58.00,0.00,1,facebook.com
#1099,2026-10-02T11:00:00.000Z,paid,fulfilled,58.00,0.00,1,google.com
#1100,2026-10-02T12:00:00.000Z,paid,fulfilled,84.00,0.00,1,facebook.com
#1101,2026-10-02T13:00:00.000Z,paid,fulfilled,58.00,0.00,1,direct
#1102,2026-10-02T14:00:00.000Z,paid,fulfilled,58.00,0.00,1,facebook.com
#1103,2026-10-02T15:00:00.000Z,paid,fulfilled,58.00,0.00,1,direct
#1104,2026-10-02T16:00:00.000Z,paid,fulfilled,84.00,0.00,1,facebook.com
#1105,2026-10-02T17:00:00.000Z,paid,fulfilled,58.00,0.00,1,google.com
#1106,2026-10-02T18:00:00.000Z,paid,fulfilled,58.00,0.00,1,facebook.com
#1107,2026-10-02T19:00:00.000Z,paid,fulfilled,58.00,0.00,1,direct
#1108,2026-10-02T20:00:00.000Z,paid,fulfilled,84.00,0.00,1,facebook.com
#1109,2026-10-02T21:00:00.000Z,paid,fulfilled,58.00,0.00,1,direct
#1110,2026-10-02T22:00:00.000Z,paid,fulfilled,58.00,0.00,1,facebook.com
#1111,2026-10-02T23:00:00.000Z,paid,fulfilled,58.00,0.00,1,google.com
#1112,2026-10-03T00:00:00.000Z,paid,fulfilled,84.00,0.00,1,facebook.com
#1113,2026-10-03T01:00:00.000Z,paid,fulfilled,58.00,0.00,1,direct
#1114,2026-10-03T02:00:00.000Z,paid,fulfilled,58.00,0.00,1,facebook.com
#1115,2026-10-03T03:00:00.000Z,paid,fulfilled,58.00,0.00,1,direct
#1116,2026-10-03T04:00:00.000Z,paid,fulfilled,84.00,0.00,1,facebook.com
#1117,2026-10-03T05:00:00.000Z,paid,fulfilled,58.00,0.00,1,google.com
#1118,2026-10-03T06:00:00.000Z,paid,fulfilled,58.00,0.00,1,facebook.com
#1119,2026-10-03T07:00:00.000Z,paid,fulfilled,58.00,0.00,1,direct
#1120,2026-10-03T08:00:00.000Z,paid,fulfilled,84.00,0.00,1,facebook.com
#1121,2026-10-03T09:00:00.000Z,paid,fulfilled,58.00,0.00,1,direct
#1122,2026-10-03T10:00:00.000Z,paid,fulfilled,58.00,0.00,1,facebook.com
#1123,2026-10-03T11:00:00.000Z,paid,fulfilled,58.00,0.00,1,google.com
#1124,2026-10-03T12:00:00.000Z,paid,fulfilled,84.00,0.00,1,facebook.com
#1125,2026-10-03T13:00:00.000Z,paid,fulfilled,58.00,0.00,1,direct
#1126,2026-10-03T14:00:00.000Z,paid,fulfilled,58.00,0.00,1,facebook.com
#1127,2026-10-03T15:00:00.000Z,paid,fulfilled,58.00,0.00,1,direct
#1128,2026-10-03T16:00:00.000Z,paid,fulfilled,84.00,0.00,1,facebook.com
#1129,2026-10-03T17:00:00.000Z,paid,fulfilled,58.00,0.00,1,google.com
#1130,2026-10-03T18:00:00.000Z,paid,fulfilled,58.00,0.00,1,facebook.com
#1131,2026-10-03T19:00:00.000Z,paid,fulfilled,58.00,0.00,1,direct
#1132,2026-10-03T20:00:00.000Z,paid,fulfilled,84.00,0.00,1,facebook.com
#1133,2026-10-03T21:00:00.000Z,paid,fulfilled,58.00,0.00,1,direct
#1134,2026-10-03T22:00:00.000Z,paid,fulfilled,58.00,0.00,1,facebook.com
#1135,2026-10-03T23:00:00.000Z,paid,fulfilled,58.00,0.00,1,google.com
#1136,2026-10-04T00:00:00.000Z,paid,fulfilled,84.00,0.00,1,facebook.com
#1137,2026-10-04T01:00:00.000Z,paid,fulfilled,58.00,0.00,1,direct
#1138,2026-10-04T02:00:00.000Z,paid,fulfilled,58.00,0.00,1,facebook.com
#1139,2026-10-04T03:00:00.000Z,paid,fulfilled,58.00,0.00,1,direct
#1140,2026-10-04T04:00:00.000Z,paid,fulfilled,84.00,0.00,1,facebook.com
#1141,2026-10-04T05:00:00.000Z,paid,fulfilled,58.00,0.00,1,google.com
#1142,2026-10-04T06:00:00.000Z,paid,fulfilled,58.00,0.00,1,facebook.com
#1143,2026-10-04T07:00:00.000Z,paid,fulfilled,58.00,0.00,1,direct
#1144,2026-10-04T08:00:00.000Z,paid,fulfilled,84.00,0.00,1,facebook.com
#1145,2026-10-04T09:00:00.000Z,paid,fulfilled,58.00,0.00,1,direct
#1146,2026-10-04T10:00:00.000Z,paid,fulfilled,58.00,0.00,1,facebook.com
#1147,2026-10-04T11:00:00.000Z,paid,fulfilled,58.00,0.00,1,google.com
#1148,2026-10-04T12:00:00.000Z,paid,fulfilled,84.00,0.00,1,facebook.com
#1149,2026-10-04T13:00:00.000Z,paid,fulfilled,58.00,0.00,1,direct
#1150,2026-10-04T14:00:00.000Z,paid,fulfilled,58.00,0.00,1,facebook.com
#1151,2026-10-04T15:00:00.000Z,paid,fulfilled,58.00,0.00,1,direct
#1152,2026-10-04T16:00:00.000Z,paid,fulfilled,84.00,0.00,1,facebook.com
#1153,2026-10-04T17:00:00.000Z,paid,fulfilled,58.00,0.00,1,google.com
#1154,2026-10-04T18:00:00.000Z,paid,fulfilled,58.00,0.00,1,facebook.com
#1155,2026-10-04T19:00:00.000Z,paid,fulfilled,58.00,0.00,1,direct
#1156,2026-10-04T20:00:00.000Z,paid,fulfilled,84.00,0.00,1,facebook.com
#1157,2026-10-04T21:00:00.000Z,paid,fulfilled,58.00,0.00,1,direct
#1158,2026-10-04T22:00:00.000Z,paid,fulfilled,58.00,0.00,1,facebook.com
#1159,2026-10-04T23:00:00.000Z,paid,fulfilled,58.00,0.00,1,google.com
#1160,2026-10-05T00:00:00.000Z,paid,fulfilled,84.00,0.00,1,facebook.com
#1161,2026-10-05T01:00:00.000Z,paid,fulfilled,58.00,0.00,1,direct
#1162,2026-10-05T02:00:00.000Z,paid,fulfilled,58.00,0.00,1,facebook.com
#1163,2026-10-05T03:00:00.000Z,paid,fulfilled,58.00,0.00,1,direct
#1164,2026-10-05T04:00:00.000Z,paid,fulfilled,84.00,0.00,1,facebook.com
